AdobeCare	9432, 9559, 8490, 9268, 8157, 487, 1368, 627, 1854, 2116, 1740, 8863, 235, 8208, 9489, 8151, 8284, 8506, 1766, 1746, 1807, 1742, 1409, 194, 1695, 9465, 1861, 8491, 9140, 1697, 8107, 1548, 715, 123, 1523, 1411, 496, 374, 9128, 196, 8810, 1934, 201, 1744, 8999, 1990, 9687, 79, 195, 2172, 758, 469, 677, 294, 693, 8504, 207, 2077, 8128, 155, 1782, 8800, 267, 1529, 1546, 9391, 1801, 9172, 341, 1872, 1691, 8072, 8262, 8153, 8601, 1776, 1772, 1764, 9073, 1545, 110, 480, 8758, 8647, 620, 1640, 690, 1763, 8945, 1735, 8840, 1989, 1787, 8987, 490, 1779, 688, 8324, 8588, 8265, 85, 707, 9513, 8115, 1883, 1425, 8323, 8495, 8056, 8355, 8152, 242, 9341, 8685, 9297, 1699, 8625, 9368, 73, 8932, 1539, 9017, 1541, 8022, 2053, 1698, 670, 1701, 9126, 8610, 1992, 9790, 8678, 8370, 8339, 307, 614, 8711, 9761, 282, 76, 9464, 9081, 9104, 1540, 1672, 77, 1736, 1705, 8847, 2247, 8956, 8089, 8150, 8644, 8534, 1940, 319, 8043, 8360, 173, 8, 8210, 2240, 9608, 9750, 8888, 2101, 920, 9286, 9381, 8187, 1946, 232, 894, 8523, 8698, 8851, 9696, 1757, 8836, 364, 8714, 9249, 8799, 8156, 8177, 1750, 8271, 8492, 9210, 1790, 501, 1542, 1704, 8704, 268, 1412, 1553, 334, 1633, 189, 644, 9547, 713, 8358, 9616, 1694, 1696, 16, 612, 231, 517, 8660, 1554, 607, 116, 1565, 75, 2004, 9007, 1822, 1760, 74, 8587, 245, 8295, 2114, 9606, 1804, 8091, 623, 2248, 8317, 50, 9453, 8867, 8433, 1897, 499, 1834, 62, 1741, 8747, 8675, 15, 1538, 8552, 667, 1519, 1855, 375, 9165, 418, 9295, 678, 431, 78, 628, 9366, 2148, 9372, 9447, 1754, 1549, 8907, 1743, 1893, 1803, 8557, 8466, 9040, 2175, 8511, 1623, 11, 9610, 8367, 1544, 1543, 8442, 124, 9326, 281, 8258, 1668, 1759, 1761, 477, 366, 8406, 2113, 1976, 9448, 9461, 8245, 1575, 9379, 197, 8831, 9302, 617, 182, 446, 8330, 8975, 1791, 184, 10
AmazonHelp	1658, 9020, 8786, 2364, 8809, 8895, 8708, 8638, 8910, 9569, 8583, 9573, 8374, 9674, 9647, 8220, 1643, 8695, 8532, 8609, 1637, 9242, 9436, 8144, 9640, 8938, 9197, 8502, 217, 9384, 9450, 8891, 9052, 9477
AppleSupport	8973, 2414, 9263, 9112, 1454, 1427, 1820, 139, 9571, 2069, 795, 2232, 2026, 2397, 636, 2007, 1303, 1896, 631, 9045, 1657, 1578, 2001, 789, 169, 2415, 1471, 2033, 1901, 1372, 775, 2070, 8418, 8742, 832, 2304, 796, 448, 2090, 8299, 2074, 2159, 1875, 738, 167, 9012, 9638, 1429, 168, 2417, 430, 1393, 2402, 9715, 8623, 663, 885, 1291, 1293, 733, 536, 834, 1212, 2160, 934, 2186, 763, 1195, 1421, 492, 1285, 502, 1245, 734, 1240, 198, 1237, 147, 410, 8994, 701, 1470, 8828, 9411, 1259, 747, 9535, 610, 830, 8369, 2084, 692, 1449, 9061, 9698, 9042, 450, 971, 1371, 1452, 8231, 1208, 9804, 1686, 708, 2387, 947, 164, 322, 488, 9653, 794, 2385, 1675, 9376, 295, 1973, 1428, 2072, 2258, 1395, 486, 1460, 1873, 1876, 939, 8264, 8924, 1415, 2144, 8337, 1572, 793, 1338, 829, 2163, 1348, 943, 1967, 273, 483, 951, 837, 1271, 1344, 8567, 1417, 1422, 2152, 1235, 2099, 9338, 2136, 8529, 661, 9768, 1955, 1879, 1979, 8913, 718, 666, 1988, 1106, 2154, 105, 1194, 308, 8900, 9779, 967, 741, 1316, 1367, 8101, 936, 987, 1282, 8294, 362, 938, 503, 635, 376, 1484, 960, 776, 2091, 2246, 839, 1457, 2413, 8130, 2126, 952, 1247, 8163, 8006, 8215, 2065, 748, 1550, 1055, 1196, 942, 1981, 1313, 9478, 1555, 8076, 867, 1462, 1620, 384, 944, 1499, 1385, 8283, 8575, 1867, 1453, 2221, 940, 8968, 1996, 1433, 887, 2105, 8316, 608, 833, 1498, 1610, 9103, 2392, 8237, 411, 1204, 714, 948, 8584, 380, 9228, 8008, 143, 671, 1878, 160, 8184, 470, 9284, 2062, 9397, 8643, 921, 2032, 634, 435, 9737, 520, 159, 633, 2006, 9033, 1520, 1267, 1443, 1420, 8291, 1862, 9329, 595, 700, 9343, 8160, 533, 9159, 2155, 332, 8618, 8140, 9097, 2223, 831, 9066, 9672, 1327, 702, 1305
AskPlayStation	847, 1201, 1345, 8188, 2045, 8761, 9292, 8344, 1408, 9260, 811, 827, 875, 8811, 801, 1908, 9370, 804, 818, 841, 8336, 1891, 9601, 812, 8671, 9336, 8200, 8926, 9388, 816, 8779, 823, 813, 815, 806, 2018, 849, 807, 846, 819, 805, 1398, 8979, 825, 820, 1448, 1964, 809, 107, 850, 851, 814, 860, 838, 8687, 8794, 67, 817, 8301, 8681, 8880, 8376, 803, 844, 8535, 8691, 1296, 228, 8787, 821, 8721, 8455, 8244, 8508, 8105, 859, 8172
Ask_Spectrum	9016, 8899, 9156, 510, 1945, 243, 8328, 1925, 9480, 9667, 9358, 8281
Ask_WellsFargo	2158, 204, 2334, 9739, 2342, 2356, 2361, 2368, 590, 1526, 1489, 2384, 1506, 1474, 8501, 1838, 2321, 8273, 86, 2170, 2346, 1513, 132, 2270, 1496, 1518, 8259, 2190, 2326, 2378, 669
AskeBay	9512, 892, 910, 314, 81, 8083, 1342, 886, 475, 599, 415, 1436, 1914, 898, 1899, 1821, 1962, 202, 9641, 1748, 1594, 9558, 8031, 8541, 1953, 9602, 780, 1921, 9390, 904, 1642, 2138, 8842, 215, 1663, 8403, 1840, 919, 2117, 8560, 1442, 8821, 1534, 8116, 315, 2388
ChaseSupport	1836, 2318, 2325, 2251, 1483, 1510, 1514, 9335, 2373, 2184, 8375, 8277, 2333, 8429, 8546, 2073, 2081, 1500, 1509
Delta	2386, 104, 2119, 956, 2228, 1994, 1969, 2120, 2215, 2016, 2214, 1966, 26, 1980, 1202, 1970, 2068
DropboxSupport	8104, 2399, 8537, 611, 223, 290, 421, 1682, 8211, 414, 650, 1712, 1673, 9085, 1292, 9614, 9021, 695, 436, 8088, 8771, 9424, 1709, 9735, 8702, 2421, 265, 440, 1256, 1353, 9275, 8754, 1775, 8977, 9562, 8435, 8334, 339, 716, 305, 640, 1711, 252, 8066, 8600, 323, 9734, 253, 8896, 240, 417, 8984, 8048, 9771, 8033, 236, 224, 2139, 8577, 2202, 416, 8413, 1341, 8770, 237, 212, 9223, 9594, 8404, 303, 1354, 148, 8106, 576, 333, 8665, 213, 329, 1566, 1767, 1198, 1356, 226, 1582, 227, 1352, 8018, 423, 293, 619, 9423, 8939, 524, 64, 285, 1307, 662, 8958, 8855, 1997, 8624, 624, 9298, 8654, 649, 8774, 8253, 246, 2207, 9010, 9334, 413, 8983, 8898, 9146, 9652, 9400, 1773, 2400, 8699, 283, 2401, 2195, 8667, 205, 648, 8217, 250, 582, 296, 8158, 1324, 1197, 8479, 531, 954, 9320, 8041, 1397, 8478, 135, 9281, 9083, 1820, 2200, 270, 8571, 9459, 1260, 8204, 1753, 1774, 8766, 9635, 1564, 491, 275, 9571, 2196, 863, 8570
GoDaddyHelp	355, 216, 9354, 2094, 8359, 2281, 426, 389, 8350, 652, 2095, 9689, 1494, 358, 387, 402, 388, 1485, 9095, 409, 122, 400, 360, 527, 437, 395, 2282, 359, 394, 390, 1475, 408, 1495, 391, 653, 1403, 292, 8487, 399, 337, 393, 361, 2306, 2303, 349, 401, 1486, 354, 392, 1469, 2279, 407, 1487, 1515, 9029, 9778, 1490, 398, 2278, 336, 530, 335, 403, 170
Google	1351, 1665, 1217, 989, 985, 9134, 1902, 1034, 9201, 1406, 1214, 1109, 1073, 8639, 1072, 1882, 1031, 1018, 1015, 2245, 9137, 1028, 9704, 9467, 1788, 980, 990, 1035, 1000, 1032, 1044, 986, 9396, 1022, 1083, 1350, 1346, 1410, 983, 2025, 9181, 981, 977, 1014, 1416, 1033, 9115, 1343, 8228, 1040, 975, 984, 974, 973, 1085, 978
HPSupport	526, 8645, 324, 9311, 8093, 9243, 9412, 8764, 9099, 1244, 385, 8703, 8856, 9068, 9221, 8494, 2330, 500, 9001, 1933, 8203
MicrosoftHelps	8225, 866, 2080, 673, 9603, 2173, 9120, 682, 918, 381, 9404, 1384, 8849, 8047, 2076, 8296, 468, 509, 8397, 8525, 2128, 2382, 343, 1360, 8528, 9516, 9555, 8102, 8776, 9699, 744, 2023, 9801, 9069, 330, 684, 8467, 9170, 2157, 9795, 2140, 8103, 1365, 1363, 9027, 8775, 676, 9079, 1361, 65, 2125, 9251, 9700, 1364, 8195, 8599, 862, 9528, 642, 1827, 8298, 57, 730, 638, 2124, 657, 9218, 2108, 112, 249, 2137, 1938, 658, 8462, 8372, 9245, 8931, 8803, 8423, 472, 248, 82
MojangSupport	2109, 729, 1909, 1659, 1631, 9566, 615, 9296, 8014, 1281, 1654, 714, 1660, 9481, 618, 1714, 1719, 1726, 9233, 1718, 1708, 1725, 606, 9496, 2141, 8522, 1636, 603, 9646, 8849, 2067, 1975, 1724, 8884, 8869, 1728, 9629, 1717, 1727, 1720, 9413, 2103, 1431
RockstarSupport	8515, 8443, 9417, 9182, 8346, 8607, 8065, 8109, 8482, 8662, 9549, 9239, 9714, 8513, 8071, 9019, 782, 9072, 9129, 8019, 8155, 8749, 9389, 9089, 9118, 8549, 8173, 585, 8641, 9669, 8038, 8594, 8016, 8148, 8446, 8024, 9570, 8000, 8517, 9792, 8268
SouthwestAir	1789, 2063, 2251, 8147, 344, 2267, 2268, 2014, 1781, 8729, 2146, 280, 2263, 2147, 8716, 9425, 9521, 8916, 1785, 1783, 9264, 9144, 2121, 2024, 2262, 2179, 9200, 8563, 9639, 2209, 9257, 8309, 2261
SpotifyCares	1932, 2180, 1951, 185, 1863, 9506, 685, 2394, 1937, 100, 1297, 1923, 1703, 1950, 152, 68, 703, 209, 641, 9000, 1419, 1971, 784, 722, 8123, 1320, 8212, 420, 731, 1379, 9392, 8857, 1972, 94, 8807, 712, 2123, 8852, 9327, 352, 1262, 2000, 1877, 8341, 2176, 598, 180, 8922, 8500, 1889, 8192, 98, 302, 1954, 101, 58, 8733, 9659
TMobileHelp	2393, 949, 770, 769, 760, 8489, 9356, 9203, 8380, 774, 1984, 1265, 1806, 773, 1960, 2366, 788, 1221, 1587, 1266, 1275, 1601, 787, 750, 1585, 1273, 1591, 2177, 771, 1948, 8319, 749, 2269, 955, 9745, 2226, 2166, 9277, 2143, 8236, 764, 1958
TeamYouTube	1088, 1799, 2037, 1890, 1811, 1173, 9273, 1300, 1710, 2039, 1178, 1818, 8510, 1331, 1865, 1685, 1665, 1770, 1902, 1180, 1693, 1853, 1567, 1166, 1177, 2165, 1758, 1049, 1829, 1050, 1684, 1110, 9208, 1153, 1842, 1053, 8843, 1127, 1113, 2038, 1309, 1154, 1257, 1012, 1253, 9134, 1152, 9294, 1092, 8540, 1823, 1130, 1064, 2243, 1123, 1078, 1674, 1850, 1164, 8874, 993, 1121, 1831, 1102, 8576, 1681, 1802, 1859, 1150, 1888, 1019, 1845, 1108, 1137, 1136, 9557, 1229, 1172, 1093, 1333, 8598, 1140, 1067, 2242, 1125, 1010, 9775, 9625, 1133, 1175, 8906, 2083, 1038, 1156, 9782, 1730, 1144, 1747, 1185, 1129, 1149, 1111, 1404, 2168, 8430, 9355, 1048, 2041, 1006, 1688, 1097, 1007, 1147, 1165, 9678, 1118, 1228, 1131, 1062, 1013, 1666, 1786, 1176, 1005, 1294, 1843, 1143, 1069, 1837, 1168, 1060, 1159, 1135, 2224, 1739, 9784, 1151, 1081, 1087, 1145, 1100, 1039, 2042, 1107, 1155, 1002, 8124, 1157, 9657, 1858, 1003, 1042, 1734, 1021, 1090, 2230, 1059, 1396, 1037, 1082, 1671, 1148, 1029, 1071, 1814, 1084, 8348, 1820, 1091, 9166, 2043, 9810, 1052, 1004, 1086, 1120, 1030, 1104, 1556, 1017, 8530, 1124, 1036, 1103, 1679, 1700, 8306, 1105, 1400, 1167, 9207, 1089, 1329, 9023, 1190, 1160, 998, 1051, 1680, 8812, 1401, 1076, 1070, 8558, 1098, 1001, 1068, 1170, 8486, 1138, 2021, 593, 1405, 1095, 1162, 1080, 1047, 1116, 1334, 8456, 1332, 1399, 9071, 8197, 1439, 1894, 1163, 1224, 2040, 1077, 1122, 1812, 1142, 1027, 9505, 1851, 1128, 8021, 1079, 1046, 995, 1146, 1024, 1677, 1729, 1112, 1075, 2220, 2020, 1141, 2131
Uber_Support	1456, 1771, 1927, 8536, 1653, 2162, 2059, 1849
XboxSupport	8819, 674, 8884, 8307, 313, 8165, 9697, 8834, 8966, 8248, 8257, 9362, 9675, 8723, 1722, 8053, 8326, 2410, 9195, 9204, 9272, 8861, 9518, 8883, 9613, 8207, 9475, 1414, 8661, 9702, 9049, 1418, 9296, 8849, 2183, 8351, 8950, 2339, 427, 2109, 8753, 8894
YahooCare	549, 1311, 574, 2275, 565, 539, 548, 566, 1373, 535, 9590, 540, 553, 1322, 9777, 571, 8342, 577, 543, 9383, 579, 91, 9457, 9584, 578, 587, 564, 9587, 8410, 591, 570, 8025, 584, 572, 561, 600, 901, 23, 8993, 937, 541, 521, 266, 9607, 24, 542, 8777, 569, 699, 2274, 900, 559, 9743, 1284, 8886, 519, 71, 589, 9048, 9556, 9414, 1394, 95, 625, 596, 9764, 902, 555, 9712, 9056, 8454, 554, 1813, 9636, 9707, 552, 8941, 25, 8349, 9041, 8527, 9713, 1825, 8974, 529, 9479, 557, 560, 2273, 99, 8009, 9253, 9062, 8585, 609, 8145, 8250, 9463, 8039, 9551
hulu_support	2205, 2286, 8381, 2363, 186, 1525, 297, 8121, 2300, 8768, 1473, 2284, 2085, 1472, 2310, 2377, 2197, 1929, 2381, 2359, 2316, 2308, 2317, 1528, 2088, 2345, 1600, 1505, 2352, 1497, 2354, 2315, 2298, 2174, 1479, 2291, 2336, 2347, 2313, 1476, 2051, 2331, 1464, 2290, 2285, 1524, 2030, 2133, 1995, 2294, 2314, 2296, 2164, 2307, 1477, 244, 2338, 1465, 2127, 2337, 2287, 2293, 1715, 1466, 1532, 1467, 2250, 2000, 1493, 1648, 2029, 2335, 1641, 1463, 2311, 2351, 8026, 8707, 289, 2312, 1517, 2295, 2283, 1504, 2305, 288, 2353, 1655, 2301, 1656, 2297, 8183, 1199, 2028, 2323, 1527, 2288, 2289, 9548, 8186, 2309
zoom_us	8524, 604, 2237, 1824, 1817, 1905, 1374, 1906, 8717, 2238, 2187, 2010, 9593, 2239, 1678, 13, 2217, 512, 8824, 1706, 1880, 1755, 1768, 1377, 9705, 8040, 8149, 2234, 2035, 1605, 8844, 2107, 1581, 8427, 1690, 1963, 1378, 12, 8915, 1841, 1918, 2194, 8440, 1702, 2071, 9110, 2106, 1998, 2093, 8904, 9087, 1898, 1922, 1321, 2012, 8921, 1488, 8075, 2188, 1287, 1211, 9409, 1568, 9365, 1844, 9507, 2052, 2235, 2048, 2408, 1571, 9442, 8143, 8333, 2396, 2046, 2086, 1833, 1604, 9280, 2047
